date,index,date_time,trading_symbol,type,option_type,strike,open,high,low,close,volume,open_interest,expiry_date
2026-04-15,SENSEX,2026-04-15 09:15:00+05:30,SENSEX,SPOT,,,77981.1,78270.42,77913.11,78178.23,0,,
2026-04-15,SENSEX,2026-04-15 09:16:00+05:30,SENSEX,SPOT,,,78178.2,78183.68,78109.69,78150.54,0,,
2026-04-15,SENSEX,2026-04-15 09:17:00+05:30,SENSEX,SPOT,,,78144.57,78169.28,78097.36,78129.35,0,,
2026-04-15,SENSEX,2026-04-15 09:18:00+05:30,SENSEX,SPOT,,,78137.08,78171.38,78108.25,78145.9,0,,
2026-04-15,SENSEX,2026-04-15 09:19:00+05:30,SENSEX,SPOT,,,78137.84,78141.19,78104.29,78127.01,0,,
2026-04-15,SENSEX,2026-04-15 09:20:00+05:30,SENSEX,SPOT,,,78122.41,78143.1,78114.49,78121.41,0,,
2026-04-15,SENSEX,2026-04-15 09:21:00+05:30,SENSEX,SPOT,,,78124.89,78134.37,78070.2,78086.67,0,,
2026-04-15,SENSEX,2026-04-15 09:22:00+05:30,SENSEX,SPOT,,,78090.92,78111.53,78072.04,78089.8,0,,
2026-04-15,SENSEX,2026-04-15 09:23:00+05:30,SENSEX,SPOT,,,78091.97,78116.99,78083.86,78108.61,0,,
2026-04-15,SENSEX,2026-04-15 09:24:00+05:30,SENSEX,SPOT,,,78109.89,78112.33,78046.87,78054.45,0,,
2026-04-15,SENSEX,2026-04-15 09:25:00+05:30,SENSEX,SPOT,,,78055.74,78059.19,78029.56,78055.11,0,,
2026-04-15,SENSEX,2026-04-15 09:26:00+05:30,SENSEX,SPOT,,,78050.0,78063.8,78037.7,78058.67,0,,
2026-04-15,SENSEX,2026-04-15 09:27:00+05:30,SENSEX,SPOT,,,78052.54,78064.61,77990.25,77990.25,0,,
2026-04-15,SENSEX,2026-04-15 09:28:00+05:30,SENSEX,SPOT,,,77988.56,78005.31,77973.64,77993.24,0,,
2026-04-15,SENSEX,2026-04-15 09:29:00+05:30,SENSEX,SPOT,,,77994.36,78019.09,77983.46,78013.25,0,,
2026-04-15,SENSEX,2026-04-15 09:30:00+05:30,SENSEX,SPOT,,,78016.49,78016.49,77951.99,77958.88,0,,
2026-04-15,SENSEX,2026-04-15 09:31:00+05:30,SENSEX,SPOT,,,77960.92,77972.94,77939.86,77951.45,0,,
2026-04-15,SENSEX,2026-04-15 09:32:00+05:30,SENSEX,SPOT,,,77956.54,77989.39,77937.34,77981.49,0,,
2026-04-15,SENSEX,2026-04-15 09:33:00+05:30,SENSEX,SPOT,,,77987.55,77998.1,77948.57,77956.33,0,,
2026-04-15,SENSEX,2026-04-15 09:34:00+05:30,SENSEX,SPOT,,,77957.64,77965.42,77913.09,77920.5,0,,
2026-04-15,SENSEX,2026-04-15 09:35:00+05:30,SENSEX,SPOT,,,77921.31,77940.65,77897.01,77897.8,0,,
2026-04-15,SENSEX,2026-04-15 09:36:00+05:30,SENSEX,SPOT,,,77903.85,77941.57,77894.69,77913.69,0,,
2026-04-15,SENSEX,2026-04-15 09:37:00+05:30,SENSEX,SPOT,,,77910.94,77938.08,77905.09,77936.4,0,,
2026-04-15,SENSEX,2026-04-15 09:38:00+05:30,SENSEX,SPOT,,,77932.51,77935.23,77858.86,77858.86,0,,
2026-04-15,SENSEX,2026-04-15 09:39:00+05:30,SENSEX,SPOT,,,77857.06,77889.74,77849.52,77871.64,0,,
2026-04-15,SENSEX,2026-04-15 09:40:00+05:30,SENSEX,SPOT,,,77871.7,77932.76,77858.91,77928.11,0,,
2026-04-15,SENSEX,2026-04-15 09:41:00+05:30,SENSEX,SPOT,,,77928.48,77961.24,77927.58,77947.45,0,,
2026-04-15,SENSEX,2026-04-15 09:42:00+05:30,SENSEX,SPOT,,,77943.8,77975.62,77943.8,77974.01,0,,
2026-04-15,SENSEX,2026-04-15 09:43:00+05:30,SENSEX,SPOT,,,77971.09,78036.16,77969.87,78033.41,0,,
2026-04-15,SENSEX,2026-04-15 09:44:00+05:30,SENSEX,SPOT,,,78040.02,78065.49,78037.75,78037.75,0,,
2026-04-15,SENSEX,2026-04-15 09:45:00+05:30,SENSEX,SPOT,,,78034.53,78080.01,78034.53,78079.7,0,,
2026-04-15,SENSEX,2026-04-15 09:46:00+05:30,SENSEX,SPOT,,,78079.85,78098.43,78075.86,78090.23,0,,
2026-04-15,SENSEX,2026-04-15 09:47:00+05:30,SENSEX,SPOT,,,78092.82,78100.87,78074.69,78086.53,0,,
2026-04-15,SENSEX,2026-04-15 09:48:00+05:30,SENSEX,SPOT,,,78085.16,78085.16,78011.28,78019.86,0,,
2026-04-15,SENSEX,2026-04-15 09:49:00+05:30,SENSEX,SPOT,,,78018.03,78029.03,78008.02,78008.68,0,,
2026-04-15,SENSEX,2026-04-15 09:50:00+05:30,SENSEX,SPOT,,,78005.27,78019.6,77988.58,77991.11,0,,
2026-04-15,SENSEX,2026-04-15 09:51:00+05:30,SENSEX,SPOT,,,77991.19,78016.3,77987.52,78010.5,0,,
2026-04-15,SENSEX,2026-04-15 09:52:00+05:30,SENSEX,SPOT,,,78010.38,78047.29,78007.74,78040.07,0,,
2026-04-15,SENSEX,2026-04-15 09:53:00+05:30,SENSEX,SPOT,,,78043.55,78062.2,78042.14,78061.93,0,,
2026-04-15,SENSEX,2026-04-15 09:54:00+05:30,SENSEX,SPOT,,,78060.98,78078.37,78059.48,78064.37,0,,
2026-04-15,SENSEX,2026-04-15 09:55:00+05:30,SENSEX,SPOT,,,78062.98,78092.83,78058.69,78092.83,0,,
2026-04-15,SENSEX,2026-04-15 09:56:00+05:30,SENSEX,SPOT,,,78092.02,78092.02,78071.53,78080.45,0,,
2026-04-15,SENSEX,2026-04-15 09:57:00+05:30,SENSEX,SPOT,,,78079.35,78104.02,78070.43,78084.34,0,,
2026-04-15,SENSEX,2026-04-15 09:58:00+05:30,SENSEX,SPOT,,,78082.07,78091.27,78047.55,78056.28,0,,
2026-04-15,SENSEX,2026-04-15 09:59:00+05:30,SENSEX,SPOT,,,78054.3,78080.25,78052.96,78078.9,0,,
2026-04-15,SENSEX,2026-04-15 10:00:00+05:30,SENSEX,SPOT,,,78078.18,78095.79,78078.18,78092.41,0,,
2026-04-15,SENSEX,2026-04-15 10:01:00+05:30,SENSEX,SPOT,,,78090.43,78116.47,78083.02,78099.27,0,,
2026-04-15,SENSEX,2026-04-15 10:02:00+05:30,SENSEX,SPOT,,,78102.64,78102.64,78066.65,78075.89,0,,
2026-04-15,SENSEX,2026-04-15 10:03:00+05:30,SENSEX,SPOT,,,78073.73,78097.68,78073.73,78095.18,0,,
2026-04-15,SENSEX,2026-04-15 10:04:00+05:30,SENSEX,SPOT,,,78094.55,78126.55,78094.55,78126.55,0,,
2026-04-15,SENSEX,2026-04-15 10:05:00+05:30,SENSEX,SPOT,,,78126.86,78142.11,78125.97,78139.57,0,,
2026-04-15,SENSEX,2026-04-15 10:06:00+05:30,SENSEX,SPOT,,,78135.27,78150.56,78131.12,78150.56,0,,
2026-04-15,SENSEX,2026-04-15 10:07:00+05:30,SENSEX,SPOT,,,78153.93,78170.74,78139.54,78147.61,0,,
2026-04-15,SENSEX,2026-04-15 10:08:00+05:30,SENSEX,SPOT,,,78148.02,78156.28,78127.36,78153.19,0,,
2026-04-15,SENSEX,2026-04-15 10:09:00+05:30,SENSEX,SPOT,,,78147.57,78158.55,78115.85,78132.99,0,,
2026-04-15,SENSEX,2026-04-15 10:10:00+05:30,SENSEX,SPOT,,,78134.21,78206.23,78132.46,78206.23,0,,
2026-04-15,SENSEX,2026-04-15 10:11:00+05:30,SENSEX,SPOT,,,78204.47,78207.04,78140.55,78176.11,0,,
2026-04-15,SENSEX,2026-04-15 10:12:00+05:30,SENSEX,SPOT,,,78178.96,78204.86,78166.06,78174.95,0,,
2026-04-15,SENSEX,2026-04-15 10:13:00+05:30,SENSEX,SPOT,,,78189.02,78191.17,78155.8,78155.8,0,,
2026-04-15,SENSEX,2026-04-15 10:14:00+05:30,SENSEX,SPOT,,,78152.61,78169.2,78150.28,78163.97,0,,
2026-04-15,SENSEX,2026-04-15 10:15:00+05:30,SENSEX,SPOT,,,78164.14,78189.4,78163.8,78188.67,0,,
2026-04-15,SENSEX,2026-04-15 10:16:00+05:30,SENSEX,SPOT,,,78188.61,78198.5,78175.47,78175.99,0,,
2026-04-15,SENSEX,2026-04-15 10:17:00+05:30,SENSEX,SPOT,,,78178.17,78199.63,78167.73,78196.9,0,,
2026-04-15,SENSEX,2026-04-15 10:18:00+05:30,SENSEX,SPOT,,,78197.66,78206.19,78177.23,78205.17,0,,
2026-04-15,SENSEX,2026-04-15 10:19:00+05:30,SENSEX,SPOT,,,78206.13,78232.44,78206.13,78220.08,0,,
2026-04-15,SENSEX,2026-04-15 10:20:00+05:30,SENSEX,SPOT,,,78218.57,78219.4,78202.4,78212.6,0,,
2026-04-15,SENSEX,2026-04-15 10:21:00+05:30,SENSEX,SPOT,,,78212.43,78232.61,78209.27,78220.96,0,,
2026-04-15,SENSEX,2026-04-15 10:22:00+05:30,SENSEX,SPOT,,,78221.06,78221.06,78189.13,78219.02,0,,
2026-04-15,SENSEX,2026-04-15 10:23:00+05:30,SENSEX,SPOT,,,78221.53,78248.36,78215.69,78248.36,0,,
2026-04-15,SENSEX,2026-04-15 10:24:00+05:30,SENSEX,SPOT,,,78249.85,78253.14,78233.2,78233.53,0,,
2026-04-15,SENSEX,2026-04-15 10:25:00+05:30,SENSEX,SPOT,,,78233.13,78243.55,78214.38,78221.11,0,,
2026-04-15,SENSEX,2026-04-15 10:26:00+05:30,SENSEX,SPOT,,,78221.84,78233.3,78216.78,78228.41,0,,
2026-04-15,SENSEX,2026-04-15 10:27:00+05:30,SENSEX,SPOT,,,78230.02,78235.47,78220.84,78229.97,0,,
2026-04-15,SENSEX,2026-04-15 10:28:00+05:30,SENSEX,SPOT,,,78228.89,78228.89,78209.44,78222.38,0,,
2026-04-15,SENSEX,2026-04-15 10:29:00+05:30,SENSEX,SPOT,,,78221.75,78222.67,78203.49,78211.29,0,,
2026-04-15,SENSEX,2026-04-15 10:30:00+05:30,SENSEX,SPOT,,,78211.9,78256.26,78210.06,78248.33,0,,
2026-04-15,SENSEX,2026-04-15 10:31:00+05:30,SENSEX,SPOT,,,78248.87,78257.6,78221.34,78221.34,0,,
2026-04-15,SENSEX,2026-04-15 10:32:00+05:30,SENSEX,SPOT,,,78220.55,78232.45,78204.58,78229.36,0,,
2026-04-15,SENSEX,2026-04-15 10:33:00+05:30,SENSEX,SPOT,,,78227.02,78235.03,78210.53,78218.53,0,,
2026-04-15,SENSEX,2026-04-15 10:34:00+05:30,SENSEX,SPOT,,,78222.17,78234.84,78203.91,78215.61,0,,
2026-04-15,SENSEX,2026-04-15 10:35:00+05:30,SENSEX,SPOT,,,78215.47,78223.72,78204.34,78209.83,0,,
2026-04-15,SENSEX,2026-04-15 10:36:00+05:30,SENSEX,SPOT,,,78204.68,78216.15,78183.36,78184.07,0,,
2026-04-15,SENSEX,2026-04-15 10:37:00+05:30,SENSEX,SPOT,,,78180.96,78184.13,78161.95,78182.78,0,,
2026-04-15,SENSEX,2026-04-15 10:38:00+05:30,SENSEX,SPOT,,,78182.31,78192.16,78176.29,78190.29,0,,
2026-04-15,SENSEX,2026-04-15 10:39:00+05:30,SENSEX,SPOT,,,78189.21,78189.49,78140.27,78142.88,0,,
2026-04-15,SENSEX,2026-04-15 10:40:00+05:30,SENSEX,SPOT,,,78142.16,78154.31,78141.11,78145.97,0,,
2026-04-15,SENSEX,2026-04-15 10:41:00+05:30,SENSEX,SPOT,,,78145.49,78172.97,78143.85,78161.07,0,,
2026-04-15,SENSEX,2026-04-15 10:42:00+05:30,SENSEX,SPOT,,,78163.06,78177.14,78143.0,78159.7,0,,
2026-04-15,SENSEX,2026-04-15 10:43:00+05:30,SENSEX,SPOT,,,78158.37,78167.82,78141.01,78165.35,0,,
2026-04-15,SENSEX,2026-04-15 10:44:00+05:30,SENSEX,SPOT,,,78166.17,78170.34,78121.01,78133.17,0,,
2026-04-15,SENSEX,2026-04-15 10:45:00+05:30,SENSEX,SPOT,,,78132.72,78184.11,78130.37,78145.5,0,,
2026-04-15,SENSEX,2026-04-15 10:46:00+05:30,SENSEX,SPOT,,,78146.79,78162.75,78141.4,78162.75,0,,
2026-04-15,SENSEX,2026-04-15 10:47:00+05:30,SENSEX,SPOT,,,78163.49,78167.74,78151.67,78165.57,0,,
2026-04-15,SENSEX,2026-04-15 10:48:00+05:30,SENSEX,SPOT,,,78164.24,78189.95,78163.97,78179.14,0,,
2026-04-15,SENSEX,2026-04-15 10:49:00+05:30,SENSEX,SPOT,,,78182.13,78183.0,78157.39,78157.7,0,,
2026-04-15,SENSEX,2026-04-15 10:50:00+05:30,SENSEX,SPOT,,,78155.67,78162.43,78095.41,78100.36,0,,
2026-04-15,SENSEX,2026-04-15 10:51:00+05:30,SENSEX,SPOT,,,78101.74,78107.64,78080.19,78090.42,0,,
2026-04-15,SENSEX,2026-04-15 10:52:00+05:30,SENSEX,SPOT,,,78095.59,78099.27,78083.08,78083.08,0,,
2026-04-15,SENSEX,2026-04-15 10:53:00+05:30,SENSEX,SPOT,,,78084.95,78086.7,78046.43,78046.43,0,,
2026-04-15,SENSEX,2026-04-15 10:54:00+05:30,SENSEX,SPOT,,,78043.05,78084.66,78035.13,78083.63,0,,
2026-04-15,SENSEX,2026-04-15 10:55:00+05:30,SENSEX,SPOT,,,78079.65,78095.44,78073.46,78094.47,0,,
2026-04-15,SENSEX,2026-04-15 10:56:00+05:30,SENSEX,SPOT,,,78094.47,78095.08,78066.84,78071.88,0,,
2026-04-15,SENSEX,2026-04-15 10:57:00+05:30,SENSEX,SPOT,,,78073.47,78101.58,78072.72,78100.57,0,,
2026-04-15,SENSEX,2026-04-15 10:58:00+05:30,SENSEX,SPOT,,,78099.93,78108.79,78073.47,78075.56,0,,
2026-04-15,SENSEX,2026-04-15 10:59:00+05:30,SENSEX,SPOT,,,78074.26,78079.14,78056.36,78056.47,0,,
2026-04-15,SENSEX,2026-04-15 11:00:00+05:30,SENSEX,SPOT,,,78055.5,78056.72,78018.67,78020.77,0,,
2026-04-15,SENSEX,2026-04-15 11:01:00+05:30,SENSEX,SPOT,,,78015.9,78038.99,78014.96,78033.22,0,,
2026-04-15,SENSEX,2026-04-15 11:02:00+05:30,SENSEX,SPOT,,,78037.44,78052.68,78030.19,78040.66,0,,
2026-04-15,SENSEX,2026-04-15 11:03:00+05:30,SENSEX,SPOT,,,78040.71,78040.71,78006.91,78019.94,0,,
2026-04-15,SENSEX,2026-04-15 11:04:00+05:30,SENSEX,SPOT,,,78018.91,78030.47,78017.03,78024.68,0,,
2026-04-15,SENSEX,2026-04-15 11:05:00+05:30,SENSEX,SPOT,,,78025.28,78027.07,78000.9,78004.18,0,,
2026-04-15,SENSEX,2026-04-15 11:06:00+05:30,SENSEX,SPOT,,,78005.49,78005.49,77964.23,78001.49,0,,
2026-04-15,SENSEX,2026-04-15 11:07:00+05:30,SENSEX,SPOT,,,78000.32,78003.2,77944.7,77951.92,0,,
2026-04-15,SENSEX,2026-04-15 11:08:00+05:30,SENSEX,SPOT,,,77945.8,77985.21,77945.8,77974.93,0,,
2026-04-15,SENSEX,2026-04-15 11:09:00+05:30,SENSEX,SPOT,,,77975.97,77987.19,77941.35,77944.81,0,,
2026-04-15,SENSEX,2026-04-15 11:10:00+05:30,SENSEX,SPOT,,,77942.65,77955.14,77926.29,77932.57,0,,
2026-04-15,SENSEX,2026-04-15 11:11:00+05:30,SENSEX,SPOT,,,77932.73,77954.17,77923.56,77950.51,0,,
2026-04-15,SENSEX,2026-04-15 11:12:00+05:30,SENSEX,SPOT,,,77951.13,77970.39,77926.96,77932.42,0,,
2026-04-15,SENSEX,2026-04-15 11:13:00+05:30,SENSEX,SPOT,,,77932.06,77945.23,77929.67,77940.49,0,,
2026-04-15,SENSEX,2026-04-15 11:14:00+05:30,SENSEX,SPOT,,,77940.49,77959.84,77933.26,77946.19,0,,
2026-04-15,SENSEX,2026-04-15 11:15:00+05:30,SENSEX,SPOT,,,77945.66,77945.66,77903.57,77932.26,0,,
2026-04-15,SENSEX,2026-04-15 11:16:00+05:30,SENSEX,SPOT,,,77934.36,77971.89,77934.36,77968.78,0,,
2026-04-15,SENSEX,2026-04-15 11:17:00+05:30,SENSEX,SPOT,,,77968.78,77987.78,77962.03,77982.04,0,,
2026-04-15,SENSEX,2026-04-15 11:18:00+05:30,SENSEX,SPOT,,,77983.56,78013.99,77979.7,77979.7,0,,
2026-04-15,SENSEX,2026-04-15 11:19:00+05:30,SENSEX,SPOT,,,77978.02,77990.87,77958.71,77958.71,0,,
2026-04-15,SENSEX,2026-04-15 11:20:00+05:30,SENSEX,SPOT,,,77962.72,77974.03,77950.04,77973.58,0,,
2026-04-15,SENSEX,2026-04-15 11:21:00+05:30,SENSEX,SPOT,,,77974.44,77986.47,77970.84,77984.68,0,,
2026-04-15,SENSEX,2026-04-15 11:22:00+05:30,SENSEX,SPOT,,,77983.75,78008.79,77978.91,77983.05,0,,
2026-04-15,SENSEX,2026-04-15 11:23:00+05:30,SENSEX,SPOT,,,77984.01,77991.71,77977.41,77985.46,0,,
2026-04-15,SENSEX,2026-04-15 11:24:00+05:30,SENSEX,SPOT,,,77985.46,77994.74,77976.96,77986.18,0,,
2026-04-15,SENSEX,2026-04-15 11:25:00+05:30,SENSEX,SPOT,,,77987.22,77987.22,77952.91,77957.51,0,,
2026-04-15,SENSEX,2026-04-15 11:26:00+05:30,SENSEX,SPOT,,,77957.72,77962.56,77926.45,77926.45,0,,
2026-04-15,SENSEX,2026-04-15 11:27:00+05:30,SENSEX,SPOT,,,77924.3,77952.58,77922.27,77952.58,0,,
2026-04-15,SENSEX,2026-04-15 11:28:00+05:30,SENSEX,SPOT,,,77953.57,77972.44,77945.68,77945.68,0,,
2026-04-15,SENSEX,2026-04-15 11:29:00+05:30,SENSEX,SPOT,,,77945.68,77956.74,77942.56,77952.53,0,,
2026-04-15,SENSEX,2026-04-15 11:30:00+05:30,SENSEX,SPOT,,,77954.47,77976.55,77945.4,77958.08,0,,
2026-04-15,SENSEX,2026-04-15 11:31:00+05:30,SENSEX,SPOT,,,77957.91,77959.86,77947.63,77955.33,0,,
2026-04-15,SENSEX,2026-04-15 11:32:00+05:30,SENSEX,SPOT,,,77957.43,77963.63,77945.5,77947.45,0,,
2026-04-15,SENSEX,2026-04-15 11:33:00+05:30,SENSEX,SPOT,,,77947.36,77955.63,77940.6,77940.6,0,,
2026-04-15,SENSEX,2026-04-15 11:34:00+05:30,SENSEX,SPOT,,,77942.71,77958.4,77939.12,77957.63,0,,
2026-04-15,SENSEX,2026-04-15 11:35:00+05:30,SENSEX,SPOT,,,77955.5,77976.48,77955.5,77973.5,0,,
2026-04-15,SENSEX,2026-04-15 11:36:00+05:30,SENSEX,SPOT,,,77975.14,77983.85,77969.83,77981.11,0,,
2026-04-15,SENSEX,2026-04-15 11:37:00+05:30,SENSEX,SPOT,,,77982.78,77998.04,77981.54,77993.02,0,,
2026-04-15,SENSEX,2026-04-15 11:38:00+05:30,SENSEX,SPOT,,,77992.49,78002.91,77992.17,77999.13,0,,
2026-04-15,SENSEX,2026-04-15 11:39:00+05:30,SENSEX,SPOT,,,78001.5,78001.5,77989.22,77996.32,0,,
2026-04-15,SENSEX,2026-04-15 11:40:00+05:30,SENSEX,SPOT,,,77997.0,78010.07,77983.67,77992.67,0,,
2026-04-15,SENSEX,2026-04-15 11:41:00+05:30,SENSEX,SPOT,,,77991.28,78016.82,77991.28,77999.84,0,,
2026-04-15,SENSEX,2026-04-15 11:42:00+05:30,SENSEX,SPOT,,,77999.38,78011.76,77994.44,78007.5,0,,
2026-04-15,SENSEX,2026-04-15 11:43:00+05:30,SENSEX,SPOT,,,78006.28,78014.93,78000.93,78005.34,0,,
2026-04-15,SENSEX,2026-04-15 11:44:00+05:30,SENSEX,SPOT,,,78007.46,78030.81,78005.46,78030.81,0,,
2026-04-15,SENSEX,2026-04-15 11:45:00+05:30,SENSEX,SPOT,,,78025.37,78034.78,78003.87,78011.75,0,,
2026-04-15,SENSEX,2026-04-15 11:46:00+05:30,SENSEX,SPOT,,,78010.68,78012.57,77996.61,78004.7,0,,
2026-04-15,SENSEX,2026-04-15 11:47:00+05:30,SENSEX,SPOT,,,78005.21,78017.03,77998.67,78017.03,0,,
2026-04-15,SENSEX,2026-04-15 11:48:00+05:30,SENSEX,SPOT,,,78015.55,78048.63,78012.93,78048.63,0,,
2026-04-15,SENSEX,2026-04-15 11:49:00+05:30,SENSEX,SPOT,,,78048.97,78062.56,78045.55,78052.09,0,,
2026-04-15,SENSEX,2026-04-15 11:50:00+05:30,SENSEX,SPOT,,,78052.09,78064.81,78050.89,78055.99,0,,
2026-04-15,SENSEX,2026-04-15 11:51:00+05:30,SENSEX,SPOT,,,78055.86,78076.91,78054.81,78073.63,0,,
2026-04-15,SENSEX,2026-04-15 11:52:00+05:30,SENSEX,SPOT,,,78070.41,78074.3,78054.33,78058.91,0,,
2026-04-15,SENSEX,2026-04-15 11:53:00+05:30,SENSEX,SPOT,,,78056.51,78058.28,78041.42,78049.76,0,,
2026-04-15,SENSEX,2026-04-15 11:54:00+05:30,SENSEX,SPOT,,,78053.97,78070.94,78050.84,78062.96,0,,
2026-04-15,SENSEX,2026-04-15 11:55:00+05:30,SENSEX,SPOT,,,78061.29,78065.79,78051.09,78060.53,0,,
2026-04-15,SENSEX,2026-04-15 11:56:00+05:30,SENSEX,SPOT,,,78060.3,78067.13,78052.67,78055.49,0,,
2026-04-15,SENSEX,2026-04-15 11:57:00+05:30,SENSEX,SPOT,,,78051.99,78061.85,78050.33,78057.76,0,,
2026-04-15,SENSEX,2026-04-15 11:58:00+05:30,SENSEX,SPOT,,,78057.29,78057.29,78044.28,78045.21,0,,
2026-04-15,SENSEX,2026-04-15 11:59:00+05:30,SENSEX,SPOT,,,78045.21,78055.69,78042.43,78052.62,0,,
2026-04-15,SENSEX,2026-04-15 12:00:00+05:30,SENSEX,SPOT,,,78052.62,78075.53,78052.62,78073.24,0,,
2026-04-15,SENSEX,2026-04-15 12:01:00+05:30,SENSEX,SPOT,,,78073.92,78079.49,78063.88,78074.79,0,,
2026-04-15,SENSEX,2026-04-15 12:02:00+05:30,SENSEX,SPOT,,,78072.59,78082.44,78045.4,78060.82,0,,
2026-04-15,SENSEX,2026-04-15 12:03:00+05:30,SENSEX,SPOT,,,78076.74,78096.56,78050.16,78093.1,0,,
2026-04-15,SENSEX,2026-04-15 12:04:00+05:30,SENSEX,SPOT,,,78093.18,78113.53,78060.8,78108.21,0,,
2026-04-15,SENSEX,2026-04-15 12:05:00+05:30,SENSEX,SPOT,,,78103.96,78110.25,78097.15,78100.07,0,,
2026-04-15,SENSEX,2026-04-15 12:06:00+05:30,SENSEX,SPOT,,,78089.04,78107.74,78055.98,78089.46,0,,
2026-04-15,SENSEX,2026-04-15 12:07:00+05:30,SENSEX,SPOT,,,78068.55,78090.34,78055.47,78055.47,0,,
2026-04-15,SENSEX,2026-04-15 12:08:00+05:30,SENSEX,SPOT,,,78055.32,78072.6,78051.93,78070.8,0,,
2026-04-15,SENSEX,2026-04-15 12:09:00+05:30,SENSEX,SPOT,,,78072.09,78092.11,78065.16,78088.59,0,,
2026-04-15,SENSEX,2026-04-15 12:10:00+05:30,SENSEX,SPOT,,,78083.58,78105.68,78072.25,78083.53,0,,
2026-04-15,SENSEX,2026-04-15 12:11:00+05:30,SENSEX,SPOT,,,78093.46,78115.25,78091.63,78099.69,0,,
2026-04-15,SENSEX,2026-04-15 12:12:00+05:30,SENSEX,SPOT,,,78099.98,78115.33,78086.47,78091.61,0,,
2026-04-15,SENSEX,2026-04-15 12:13:00+05:30,SENSEX,SPOT,,,78086.77,78094.57,78070.31,78090.84,0,,
2026-04-15,SENSEX,2026-04-15 12:14:00+05:30,SENSEX,SPOT,,,78090.84,78107.98,78090.84,78102.77,0,,
2026-04-15,SENSEX,2026-04-15 12:15:00+05:30,SENSEX,SPOT,,,78102.88,78130.28,78097.92,78126.8,0,,
2026-04-15,SENSEX,2026-04-15 12:16:00+05:30,SENSEX,SPOT,,,78126.12,78131.33,78117.25,78130.77,0,,
2026-04-15,SENSEX,2026-04-15 12:17:00+05:30,SENSEX,SPOT,,,78134.74,78139.02,78088.39,78089.21,0,,
2026-04-15,SENSEX,2026-04-15 12:18:00+05:30,SENSEX,SPOT,,,78086.53,78090.32,78065.98,78069.04,0,,
2026-04-15,SENSEX,2026-04-15 12:19:00+05:30,SENSEX,SPOT,,,78069.65,78084.37,78062.62,78075.97,0,,
2026-04-15,SENSEX,2026-04-15 12:20:00+05:30,SENSEX,SPOT,,,78072.97,78095.25,78054.92,78056.54,0,,
2026-04-15,SENSEX,2026-04-15 12:21:00+05:30,SENSEX,SPOT,,,78051.82,78060.87,78002.34,78002.34,0,,
2026-04-15,SENSEX,2026-04-15 12:22:00+05:30,SENSEX,SPOT,,,78005.7,78010.96,77987.04,78010.96,0,,
2026-04-15,SENSEX,2026-04-15 12:23:00+05:30,SENSEX,SPOT,,,78003.52,78050.14,77992.0,78050.14,0,,
2026-04-15,SENSEX,2026-04-15 12:24:00+05:30,SENSEX,SPOT,,,78051.45,78092.07,78046.99,78089.74,0,,
2026-04-15,SENSEX,2026-04-15 12:25:00+05:30,SENSEX,SPOT,,,78088.65,78092.05,78074.13,78089.25,0,,
2026-04-15,SENSEX,2026-04-15 12:26:00+05:30,SENSEX,SPOT,,,78088.01,78088.99,78077.15,78086.45,0,,
2026-04-15,SENSEX,2026-04-15 12:27:00+05:30,SENSEX,SPOT,,,78088.16,78111.22,78088.16,78105.55,0,,
2026-04-15,SENSEX,2026-04-15 12:28:00+05:30,SENSEX,SPOT,,,78103.56,78103.56,78084.41,78091.25,0,,
2026-04-15,SENSEX,2026-04-15 12:29:00+05:30,SENSEX,SPOT,,,78091.32,78099.74,78077.69,78077.69,0,,
2026-04-15,SENSEX,2026-04-15 12:30:00+05:30,SENSEX,SPOT,,,78078.74,78086.49,78059.3,78061.42,0,,
2026-04-15,SENSEX,2026-04-15 12:31:00+05:30,SENSEX,SPOT,,,78062.7,78076.67,78062.7,78062.73,0,,
2026-04-15,SENSEX,2026-04-15 12:32:00+05:30,SENSEX,SPOT,,,78062.73,78070.43,78054.9,78056.78,0,,
2026-04-15,SENSEX,2026-04-15 12:33:00+05:30,SENSEX,SPOT,,,78062.8,78072.48,78057.47,78057.47,0,,
2026-04-15,SENSEX,2026-04-15 12:34:00+05:30,SENSEX,SPOT,,,78057.04,78068.4,78054.16,78068.4,0,,
2026-04-15,SENSEX,2026-04-15 12:35:00+05:30,SENSEX,SPOT,,,78067.79,78083.87,78060.62,78083.87,0,,
2026-04-15,SENSEX,2026-04-15 12:36:00+05:30,SENSEX,SPOT,,,78082.86,78111.92,78081.88,78108.14,0,,
2026-04-15,SENSEX,2026-04-15 12:37:00+05:30,SENSEX,SPOT,,,78108.09,78121.24,78104.53,78117.7,0,,
2026-04-15,SENSEX,2026-04-15 12:38:00+05:30,SENSEX,SPOT,,,78115.66,78125.93,78114.02,78125.21,0,,
2026-04-15,SENSEX,2026-04-15 12:39:00+05:30,SENSEX,SPOT,,,78121.03,78136.19,78121.03,78125.99,0,,
2026-04-15,SENSEX,2026-04-15 12:40:00+05:30,SENSEX,SPOT,,,78126.31,78127.98,78101.93,78113.93,0,,
2026-04-15,SENSEX,2026-04-15 12:41:00+05:30,SENSEX,SPOT,,,78113.93,78119.37,78091.0,78095.09,0,,
2026-04-15,SENSEX,2026-04-15 12:42:00+05:30,SENSEX,SPOT,,,78092.98,78093.77,78065.04,78072.11,0,,
2026-04-15,SENSEX,2026-04-15 12:43:00+05:30,SENSEX,SPOT,,,78070.72,78082.52,78061.85,78081.01,0,,
2026-04-15,SENSEX,2026-04-15 12:44:00+05:30,SENSEX,SPOT,,,78080.71,78110.07,78078.2,78098.95,0,,
2026-04-15,SENSEX,2026-04-15 12:45:00+05:30,SENSEX,SPOT,,,78100.24,78123.42,78095.82,78121.25,0,,
2026-04-15,SENSEX,2026-04-15 12:46:00+05:30,SENSEX,SPOT,,,78118.3,78122.24,78090.34,78097.11,0,,
2026-04-15,SENSEX,2026-04-15 12:47:00+05:30,SENSEX,SPOT,,,78100.82,78103.05,78053.11,78053.11,0,,
2026-04-15,SENSEX,2026-04-15 12:48:00+05:30,SENSEX,SPOT,,,78054.91,78061.25,78045.65,78049.97,0,,
2026-04-15,SENSEX,2026-04-15 12:49:00+05:30,SENSEX,SPOT,,,78050.79,78062.55,78039.08,78059.78,0,,
2026-04-15,SENSEX,2026-04-15 12:50:00+05:30,SENSEX,SPOT,,,78058.38,78087.13,78058.38,78081.42,0,,
2026-04-15,SENSEX,2026-04-15 12:51:00+05:30,SENSEX,SPOT,,,78081.81,78115.11,78077.45,78107.86,0,,
2026-04-15,SENSEX,2026-04-15 12:52:00+05:30,SENSEX,SPOT,,,78105.83,78109.13,78076.55,78076.55,0,,
2026-04-15,SENSEX,2026-04-15 12:53:00+05:30,SENSEX,SPOT,,,78079.81,78086.52,78022.93,78029.66,0,,
2026-04-15,SENSEX,2026-04-15 12:54:00+05:30,SENSEX,SPOT,,,78030.94,78058.57,78022.64,78058.57,0,,
2026-04-15,SENSEX,2026-04-15 12:55:00+05:30,SENSEX,SPOT,,,78058.65,78059.85,78047.76,78051.12,0,,
2026-04-15,SENSEX,2026-04-15 12:56:00+05:30,SENSEX,SPOT,,,78050.36,78059.99,78041.51,78057.4,0,,
2026-04-15,SENSEX,2026-04-15 12:57:00+05:30,SENSEX,SPOT,,,78058.32,78062.21,78047.39,78054.77,0,,
2026-04-15,SENSEX,2026-04-15 12:58:00+05:30,SENSEX,SPOT,,,78053.48,78053.48,78020.26,78022.62,0,,
2026-04-15,SENSEX,2026-04-15 12:59:00+05:30,SENSEX,SPOT,,,78022.92,78028.67,78016.89,78018.43,0,,
2026-04-15,SENSEX,2026-04-15 13:00:00+05:30,SENSEX,SPOT,,,78021.56,78024.07,78002.65,78002.65,0,,
2026-04-15,SENSEX,2026-04-15 13:01:00+05:30,SENSEX,SPOT,,,77999.39,78027.45,77995.38,78027.45,0,,
2026-04-15,SENSEX,2026-04-15 13:02:00+05:30,SENSEX,SPOT,,,78026.69,78050.66,78021.08,78050.08,0,,
2026-04-15,SENSEX,2026-04-15 13:03:00+05:30,SENSEX,SPOT,,,78050.89,78059.67,78048.74,78056.64,0,,
2026-04-15,SENSEX,2026-04-15 13:04:00+05:30,SENSEX,SPOT,,,78057.15,78057.15,78037.61,78038.21,0,,
2026-04-15,SENSEX,2026-04-15 13:05:00+05:30,SENSEX,SPOT,,,78038.12,78043.13,78026.42,78028.37,0,,
2026-04-15,SENSEX,2026-04-15 13:06:00+05:30,SENSEX,SPOT,,,78028.67,78029.49,78018.08,78025.42,0,,
2026-04-15,SENSEX,2026-04-15 13:07:00+05:30,SENSEX,SPOT,,,78025.42,78028.07,78017.88,78024.81,0,,
2026-04-15,SENSEX,2026-04-15 13:08:00+05:30,SENSEX,SPOT,,,78023.88,78023.88,78012.06,78017.16,0,,
2026-04-15,SENSEX,2026-04-15 13:09:00+05:30,SENSEX,SPOT,,,78013.9,78040.42,78013.47,78039.15,0,,
2026-04-15,SENSEX,2026-04-15 13:10:00+05:30,SENSEX,SPOT,,,78040.24,78054.38,78031.83,78031.83,0,,
2026-04-15,SENSEX,2026-04-15 13:11:00+05:30,SENSEX,SPOT,,,78027.92,78052.73,78025.57,78052.44,0,,
2026-04-15,SENSEX,2026-04-15 13:12:00+05:30,SENSEX,SPOT,,,78052.44,78080.83,78048.18,78052.67,0,,
2026-04-15,SENSEX,2026-04-15 13:13:00+05:30,SENSEX,SPOT,,,78052.17,78076.18,78044.15,78071.09,0,,
2026-04-15,SENSEX,2026-04-15 13:14:00+05:30,SENSEX,SPOT,,,78069.79,78073.26,78060.42,78067.01,0,,
2026-04-15,SENSEX,2026-04-15 13:15:00+05:30,SENSEX,SPOT,,,78065.43,78067.46,78051.86,78051.86,0,,
2026-04-15,SENSEX,2026-04-15 13:16:00+05:30,SENSEX,SPOT,,,78053.8,78084.21,78052.98,78083.99,0,,
2026-04-15,SENSEX,2026-04-15 13:17:00+05:30,SENSEX,SPOT,,,78088.15,78089.94,78070.51,78086.95,0,,
2026-04-15,SENSEX,2026-04-15 13:18:00+05:30,SENSEX,SPOT,,,78086.95,78099.11,78084.39,78084.39,0,,
2026-04-15,SENSEX,2026-04-15 13:19:00+05:30,SENSEX,SPOT,,,78085.85,78114.07,78085.85,78112.1,0,,
2026-04-15,SENSEX,2026-04-15 13:20:00+05:30,SENSEX,SPOT,,,78111.19,78132.13,78108.9,78119.07,0,,
2026-04-15,SENSEX,2026-04-15 13:21:00+05:30,SENSEX,SPOT,,,78119.24,78121.22,78061.76,78098.24,0,,
2026-04-15,SENSEX,2026-04-15 13:22:00+05:30,SENSEX,SPOT,,,78095.3,78099.42,78030.94,78043.56,0,,
2026-04-15,SENSEX,2026-04-15 13:23:00+05:30,SENSEX,SPOT,,,78041.15,78071.56,78021.63,78031.56,0,,
2026-04-15,SENSEX,2026-04-15 13:24:00+05:30,SENSEX,SPOT,,,78028.41,78028.86,77954.23,78000.68,0,,
2026-04-15,SENSEX,2026-04-15 13:25:00+05:30,SENSEX,SPOT,,,77999.15,78001.65,77983.65,77996.98,0,,
2026-04-15,SENSEX,2026-04-15 13:26:00+05:30,SENSEX,SPOT,,,77995.99,77998.43,77984.65,77990.6,0,,
2026-04-15,SENSEX,2026-04-15 13:27:00+05:30,SENSEX,SPOT,,,77992.13,78009.16,77992.13,78004.02,0,,
2026-04-15,SENSEX,2026-04-15 13:28:00+05:30,SENSEX,SPOT,,,78003.51,78008.85,77997.55,77998.06,0,,
2026-04-15,SENSEX,2026-04-15 13:29:00+05:30,SENSEX,SPOT,,,77998.9,77998.9,77984.21,77988.24,0,,
2026-04-15,SENSEX,2026-04-15 13:30:00+05:30,SENSEX,SPOT,,,77990.2,77992.76,77968.79,77973.57,0,,
2026-04-15,SENSEX,2026-04-15 13:31:00+05:30,SENSEX,SPOT,,,77973.39,77997.36,77973.39,77991.08,0,,
2026-04-15,SENSEX,2026-04-15 13:32:00+05:30,SENSEX,SPOT,,,77991.67,78059.94,77991.67,78039.91,0,,
2026-04-15,SENSEX,2026-04-15 13:33:00+05:30,SENSEX,SPOT,,,78028.33,78074.76,78024.41,78074.76,0,,
2026-04-15,SENSEX,2026-04-15 13:34:00+05:30,SENSEX,SPOT,,,78074.8,78077.16,78031.35,78061.22,0,,
2026-04-15,SENSEX,2026-04-15 13:35:00+05:30,SENSEX,SPOT,,,78060.06,78078.84,78012.12,78078.84,0,,
2026-04-15,SENSEX,2026-04-15 13:36:00+05:30,SENSEX,SPOT,,,78080.55,78099.66,78070.6,78079.23,0,,
2026-04-15,SENSEX,2026-04-15 13:37:00+05:30,SENSEX,SPOT,,,78077.05,78077.41,78025.79,78038.07,0,,
2026-04-15,SENSEX,2026-04-15 13:38:00+05:30,SENSEX,SPOT,,,78035.23,78041.9,78029.47,78030.55,0,,
2026-04-15,SENSEX,2026-04-15 13:39:00+05:30,SENSEX,SPOT,,,78026.74,78026.74,77973.26,77983.32,0,,
2026-04-15,SENSEX,2026-04-15 13:40:00+05:30,SENSEX,SPOT,,,77984.37,78004.23,77978.24,77996.87,0,,
2026-04-15,SENSEX,2026-04-15 13:41:00+05:30,SENSEX,SPOT,,,77998.68,78030.73,77998.68,78024.59,0,,
2026-04-15,SENSEX,2026-04-15 13:42:00+05:30,SENSEX,SPOT,,,78024.58,78051.9,78024.58,78040.14,0,,
2026-04-15,SENSEX,2026-04-15 13:43:00+05:30,SENSEX,SPOT,,,78046.88,78046.99,78035.39,78046.45,0,,
2026-04-15,SENSEX,2026-04-15 13:44:00+05:30,SENSEX,SPOT,,,78046.85,78054.08,78041.72,78043.82,0,,
2026-04-15,SENSEX,2026-04-15 13:45:00+05:30,SENSEX,SPOT,,,78044.51,78058.06,78029.68,78050.26,0,,
2026-04-15,SENSEX,2026-04-15 13:46:00+05:30,SENSEX,SPOT,,,78050.09,78057.47,78028.85,78029.88,0,,
2026-04-15,SENSEX,2026-04-15 13:47:00+05:30,SENSEX,SPOT,,,78028.99,78030.54,78018.75,78025.37,0,,
2026-04-15,SENSEX,2026-04-15 13:48:00+05:30,SENSEX,SPOT,,,78024.33,78027.53,78012.81,78015.82,0,,
2026-04-15,SENSEX,2026-04-15 13:49:00+05:30,SENSEX,SPOT,,,78015.52,78020.27,77980.67,77998.27,0,,
2026-04-15,SENSEX,2026-04-15 13:50:00+05:30,SENSEX,SPOT,,,77996.71,78032.31,77996.71,78029.61,0,,
2026-04-15,SENSEX,2026-04-15 13:51:00+05:30,SENSEX,SPOT,,,78029.61,78030.7,78014.87,78022.57,0,,
2026-04-15,SENSEX,2026-04-15 13:52:00+05:30,SENSEX,SPOT,,,78022.65,78023.6,77993.31,77995.37,0,,
2026-04-15,SENSEX,2026-04-15 13:53:00+05:30,SENSEX,SPOT,,,77997.3,78003.72,77977.45,77986.35,0,,
2026-04-15,SENSEX,2026-04-15 13:54:00+05:30,SENSEX,SPOT,,,77985.77,78006.25,77985.77,77994.87,0,,
2026-04-15,SENSEX,2026-04-15 13:55:00+05:30,SENSEX,SPOT,,,77991.68,78012.03,77991.68,78012.03,0,,
2026-04-15,SENSEX,2026-04-15 13:56:00+05:30,SENSEX,SPOT,,,78012.03,78045.17,78011.21,78035.57,0,,
2026-04-15,SENSEX,2026-04-15 13:57:00+05:30,SENSEX,SPOT,,,78035.51,78042.52,78011.32,78013.68,0,,
2026-04-15,SENSEX,2026-04-15 13:58:00+05:30,SENSEX,SPOT,,,78011.67,78057.52,78008.33,78051.56,0,,
2026-04-15,SENSEX,2026-04-15 13:59:00+05:30,SENSEX,SPOT,,,78051.86,78082.91,78051.52,78080.16,0,,
2026-04-15,SENSEX,2026-04-15 14:00:00+05:30,SENSEX,SPOT,,,78083.29,78101.75,78073.51,78074.19,0,,
2026-04-15,SENSEX,2026-04-15 14:01:00+05:30,SENSEX,SPOT,,,78072.72,78072.72,78047.09,78056.59,0,,
2026-04-15,SENSEX,2026-04-15 14:02:00+05:30,SENSEX,SPOT,,,78060.23,78072.89,78050.47,78058.08,0,,
2026-04-15,SENSEX,2026-04-15 14:03:00+05:30,SENSEX,SPOT,,,78058.31,78070.36,78048.35,78068.38,0,,
2026-04-15,SENSEX,2026-04-15 14:04:00+05:30,SENSEX,SPOT,,,78069.43,78087.72,78066.64,78073.7,0,,
2026-04-15,SENSEX,2026-04-15 14:05:00+05:30,SENSEX,SPOT,,,78076.09,78084.78,78068.77,78074.52,0,,
2026-04-15,SENSEX,2026-04-15 14:06:00+05:30,SENSEX,SPOT,,,78075.24,78102.7,78074.54,78075.33,0,,
2026-04-15,SENSEX,2026-04-15 14:07:00+05:30,SENSEX,SPOT,,,78077.32,78086.75,78065.47,78069.08,0,,
2026-04-15,SENSEX,2026-04-15 14:08:00+05:30,SENSEX,SPOT,,,78067.73,78089.9,78067.73,78086.56,0,,
2026-04-15,SENSEX,2026-04-15 14:09:00+05:30,SENSEX,SPOT,,,78086.38,78087.12,78067.33,78087.12,0,,
2026-04-15,SENSEX,2026-04-15 14:10:00+05:30,SENSEX,SPOT,,,78086.59,78087.96,78064.46,78076.35,0,,
2026-04-15,SENSEX,2026-04-15 14:11:00+05:30,SENSEX,SPOT,,,78073.95,78097.41,78065.62,78097.41,0,,
2026-04-15,SENSEX,2026-04-15 14:12:00+05:30,SENSEX,SPOT,,,78101.24,78155.83,78101.24,78155.43,0,,
2026-04-15,SENSEX,2026-04-15 14:13:00+05:30,SENSEX,SPOT,,,78152.02,78155.17,78103.8,78108.75,0,,
2026-04-15,SENSEX,2026-04-15 14:14:00+05:30,SENSEX,SPOT,,,78110.08,78117.48,78074.75,78075.99,0,,
2026-04-15,SENSEX,2026-04-15 14:15:00+05:30,SENSEX,SPOT,,,78080.42,78084.76,78053.65,78059.37,0,,
2026-04-15,SENSEX,2026-04-15 14:16:00+05:30,SENSEX,SPOT,,,78059.2,78078.87,78050.78,78074.99,0,,
2026-04-15,SENSEX,2026-04-15 14:17:00+05:30,SENSEX,SPOT,,,78073.29,78129.03,78073.29,78096.45,0,,
2026-04-15,SENSEX,2026-04-15 14:18:00+05:30,SENSEX,SPOT,,,78098.73,78116.35,78092.81,78097.52,0,,
2026-04-15,SENSEX,2026-04-15 14:19:00+05:30,SENSEX,SPOT,,,78098.55,78101.31,78070.13,78101.31,0,,
2026-04-15,SENSEX,2026-04-15 14:20:00+05:30,SENSEX,SPOT,,,78105.58,78117.7,78097.83,78106.03,0,,
2026-04-15,SENSEX,2026-04-15 14:21:00+05:30,SENSEX,SPOT,,,78107.35,78116.23,78093.2,78116.23,0,,
2026-04-15,SENSEX,2026-04-15 14:22:00+05:30,SENSEX,SPOT,,,78120.38,78137.03,78084.57,78090.34,0,,
2026-04-15,SENSEX,2026-04-15 14:23:00+05:30,SENSEX,SPOT,,,78092.71,78098.7,78053.39,78053.39,0,,
2026-04-15,SENSEX,2026-04-15 14:24:00+05:30,SENSEX,SPOT,,,78053.91,78079.66,78035.41,78041.75,0,,
2026-04-15,SENSEX,2026-04-15 14:25:00+05:30,SENSEX,SPOT,,,78034.87,78095.01,78031.05,78076.05,0,,
2026-04-15,SENSEX,2026-04-15 14:26:00+05:30,SENSEX,SPOT,,,78071.13,78131.67,78071.13,78130.76,0,,
2026-04-15,SENSEX,2026-04-15 14:27:00+05:30,SENSEX,SPOT,,,78133.83,78149.14,78116.0,78117.6,0,,
2026-04-15,SENSEX,2026-04-15 14:28:00+05:30,SENSEX,SPOT,,,78117.84,78117.84,78090.7,78104.94,0,,
2026-04-15,SENSEX,2026-04-15 14:29:00+05:30,SENSEX,SPOT,,,78106.27,78112.86,78103.41,78112.86,0,,
2026-04-15,SENSEX,2026-04-15 14:30:00+05:30,SENSEX,SPOT,,,78114.28,78117.93,78103.34,78116.71,0,,
2026-04-15,SENSEX,2026-04-15 14:31:00+05:30,SENSEX,SPOT,,,78115.56,78124.73,78102.3,78108.81,0,,
2026-04-15,SENSEX,2026-04-15 14:32:00+05:30,SENSEX,SPOT,,,78109.36,78122.57,78105.8,78106.1,0,,
2026-04-15,SENSEX,2026-04-15 14:33:00+05:30,SENSEX,SPOT,,,78107.82,78114.42,78102.69,78113.25,0,,
2026-04-15,SENSEX,2026-04-15 14:34:00+05:30,SENSEX,SPOT,,,78116.03,78139.07,78116.03,78138.19,0,,
2026-04-15,SENSEX,2026-04-15 14:35:00+05:30,SENSEX,SPOT,,,78139.51,78146.85,78123.63,78123.86,0,,
2026-04-15,SENSEX,2026-04-15 14:36:00+05:30,SENSEX,SPOT,,,78122.77,78124.89,78109.03,78109.33,0,,
2026-04-15,SENSEX,2026-04-15 14:37:00+05:30,SENSEX,SPOT,,,78110.56,78110.56,78081.57,78095.91,0,,
2026-04-15,SENSEX,2026-04-15 14:38:00+05:30,SENSEX,SPOT,,,78099.37,78101.69,78081.2,78084.57,0,,
2026-04-15,SENSEX,2026-04-15 14:39:00+05:30,SENSEX,SPOT,,,78076.99,78090.14,78072.52,78086.96,0,,
2026-04-15,SENSEX,2026-04-15 14:40:00+05:30,SENSEX,SPOT,,,78087.31,78109.37,78085.12,78104.7,0,,
2026-04-15,SENSEX,2026-04-15 14:41:00+05:30,SENSEX,SPOT,,,78103.4,78116.14,78099.98,78114.76,0,,
2026-04-15,SENSEX,2026-04-15 14:42:00+05:30,SENSEX,SPOT,,,78114.46,78126.6,78106.45,78121.28,0,,
2026-04-15,SENSEX,2026-04-15 14:43:00+05:30,SENSEX,SPOT,,,78122.3,78128.45,78116.68,78123.72,0,,
2026-04-15,SENSEX,2026-04-15 14:44:00+05:30,SENSEX,SPOT,,,78124.29,78127.8,78113.84,78123.16,0,,
2026-04-15,SENSEX,2026-04-15 14:45:00+05:30,SENSEX,SPOT,,,78121.87,78130.58,78118.36,78123.38,0,,
2026-04-15,SENSEX,2026-04-15 14:46:00+05:30,SENSEX,SPOT,,,78123.66,78127.3,78119.57,78124.51,0,,
2026-04-15,SENSEX,2026-04-15 14:47:00+05:30,SENSEX,SPOT,,,78124.11,78136.34,78116.81,78135.87,0,,
2026-04-15,SENSEX,2026-04-15 14:48:00+05:30,SENSEX,SPOT,,,78136.18,78140.39,78128.07,78129.08,0,,
2026-04-15,SENSEX,2026-04-15 14:49:00+05:30,SENSEX,SPOT,,,78128.53,78162.16,78128.53,78161.36,0,,
2026-04-15,SENSEX,2026-04-15 14:50:00+05:30,SENSEX,SPOT,,,78161.65,78161.65,78127.07,78131.53,0,,
2026-04-15,SENSEX,2026-04-15 14:51:00+05:30,SENSEX,SPOT,,,78130.44,78184.16,78130.44,78182.92,0,,
2026-04-15,SENSEX,2026-04-15 14:52:00+05:30,SENSEX,SPOT,,,78183.4,78218.25,78181.89,78210.07,0,,
2026-04-15,SENSEX,2026-04-15 14:53:00+05:30,SENSEX,SPOT,,,78206.66,78208.74,78173.86,78173.86,0,,
2026-04-15,SENSEX,2026-04-15 14:54:00+05:30,SENSEX,SPOT,,,78170.23,78175.97,78155.91,78171.44,0,,
2026-04-15,SENSEX,2026-04-15 14:55:00+05:30,SENSEX,SPOT,,,78175.78,78179.31,78152.66,78157.34,0,,
2026-04-15,SENSEX,2026-04-15 14:56:00+05:30,SENSEX,SPOT,,,78155.91,78167.54,78138.6,78167.35,0,,
2026-04-15,SENSEX,2026-04-15 14:57:00+05:30,SENSEX,SPOT,,,78168.21,78195.21,78164.77,78188.1,0,,
2026-04-15,SENSEX,2026-04-15 14:58:00+05:30,SENSEX,SPOT,,,78187.49,78198.71,78180.48,78193.68,0,,
2026-04-15,SENSEX,2026-04-15 14:59:00+05:30,SENSEX,SPOT,,,78194.02,78225.15,78194.02,78211.91,0,,
2026-04-15,SENSEX,2026-04-15 15:00:00+05:30,SENSEX,SPOT,,,78214.47,78229.76,78133.94,78137.45,0,,
2026-04-15,SENSEX,2026-04-15 15:01:00+05:30,SENSEX,SPOT,,,78141.72,78148.74,78138.54,78144.95,0,,
2026-04-15,SENSEX,2026-04-15 15:02:00+05:30,SENSEX,SPOT,,,78144.31,78157.82,78143.83,78155.0,0,,
2026-04-15,SENSEX,2026-04-15 15:03:00+05:30,SENSEX,SPOT,,,78153.97,78165.82,78146.64,78156.24,0,,
2026-04-15,SENSEX,2026-04-15 15:04:00+05:30,SENSEX,SPOT,,,78155.85,78162.42,78149.6,78161.7,0,,
2026-04-15,SENSEX,2026-04-15 15:05:00+05:30,SENSEX,SPOT,,,78161.42,78170.17,78160.26,78170.17,0,,
2026-04-15,SENSEX,2026-04-15 15:06:00+05:30,SENSEX,SPOT,,,78166.3,78173.5,78159.29,78168.58,0,,
2026-04-15,SENSEX,2026-04-15 15:07:00+05:30,SENSEX,SPOT,,,78167.36,78172.11,78113.13,78125.56,0,,
2026-04-15,SENSEX,2026-04-15 15:08:00+05:30,SENSEX,SPOT,,,78130.44,78145.11,78102.03,78113.83,0,,
2026-04-15,SENSEX,2026-04-15 15:09:00+05:30,SENSEX,SPOT,,,78116.35,78169.26,78114.73,78137.51,0,,
2026-04-15,SENSEX,2026-04-15 15:10:00+05:30,SENSEX,SPOT,,,78143.76,78174.84,78123.9,78144.8,0,,
2026-04-15,SENSEX,2026-04-15 15:11:00+05:30,SENSEX,SPOT,,,78142.77,78145.05,78112.89,78127.68,0,,
2026-04-15,SENSEX,2026-04-15 15:12:00+05:30,SENSEX,SPOT,,,78124.03,78145.46,78086.33,78098.22,0,,
2026-04-15,SENSEX,2026-04-15 15:13:00+05:30,SENSEX,SPOT,,,78095.48,78101.78,78091.37,78099.89,0,,
2026-04-15,SENSEX,2026-04-15 15:14:00+05:30,SENSEX,SPOT,,,78113.46,78115.82,78099.42,78105.8,0,,
2026-04-15,SENSEX,2026-04-15 15:15:00+05:30,SENSEX,SPOT,,,78102.45,78105.35,78087.98,78099.76,0,,
2026-04-15,SENSEX,2026-04-15 15:16:00+05:30,SENSEX,SPOT,,,78099.07,78104.99,78081.55,78099.32,0,,
2026-04-15,SENSEX,2026-04-15 15:17:00+05:30,SENSEX,SPOT,,,78099.25,78116.89,78098.44,78107.81,0,,
2026-04-15,SENSEX,2026-04-15 15:18:00+05:30,SENSEX,SPOT,,,78106.45,78115.48,78101.4,78107.67,0,,
2026-04-15,SENSEX,2026-04-15 15:19:00+05:30,SENSEX,SPOT,,,78106.8,78110.24,78083.65,78085.58,0,,
2026-04-15,SENSEX,2026-04-15 15:20:00+05:30,SENSEX,SPOT,,,78084.96,78106.24,78083.96,78097.29,0,,
2026-04-15,SENSEX,2026-04-15 15:21:00+05:30,SENSEX,SPOT,,,78097.03,78105.75,78084.69,78093.67,0,,
2026-04-15,SENSEX,2026-04-15 15:22:00+05:30,SENSEX,SPOT,,,78094.51,78098.13,78081.08,78090.04,0,,
2026-04-15,SENSEX,2026-04-15 15:23:00+05:30,SENSEX,SPOT,,,78093.97,78094.42,78070.72,78077.96,0,,
2026-04-15,SENSEX,2026-04-15 15:24:00+05:30,SENSEX,SPOT,,,78076.32,78098.42,78076.32,78096.38,0,,
2026-04-15,SENSEX,2026-04-15 15:25:00+05:30,SENSEX,SPOT,,,78097.02,78110.34,78080.74,78091.17,0,,
2026-04-15,SENSEX,2026-04-15 15:26:00+05:30,SENSEX,SPOT,,,78090.17,78095.43,78063.28,78078.34,0,,
2026-04-15,SENSEX,2026-04-15 15:27:00+05:30,SENSEX,SPOT,,,78068.12,78079.02,78054.81,78067.66,0,,
2026-04-15,SENSEX,2026-04-15 15:28:00+05:30,SENSEX,SPOT,,,78070.69,78088.43,78038.09,78083.28,0,,
2026-04-15,SENSEX,2026-04-15 15:29:00+05:30,SENSEX,SPOT,,,78077.75,78089.17,78030.89,78052.34,0,,
